Military takeover in Niger;2023-07-28T00:00:00;coup d'etat;aljazeera.com;https://www.aljazeera.com/news/2023/7/28/us-called-niger-a-model-of-resilience-now-it-is-grappling-with-a-coup
Coup in Niger;2023-07-29T00:00:00;coup d'etat;cnn.com;https://edition.cnn.com/2023/07/29/africa/niger-coup-pressure-intl/
Political instability in Niger due to military takeover;2023-07-29T00:00:00;coup d'etat;washingtontimes.com;https://www.washingtontimes.com/news/2023/jul/29/blinken-says-us-economic-support-for-niger-is-at-r/
Military coup in Niger and ECOWAS summit;2023-07-30T00:00:00;international military intervention;aljazeera.com;https://www.aljazeera.com/news/2023/7/30/niger-military-say-threat-of-imminent-military-intervention-by-ecowas
Military coup in Niger and ECOWAS summit;2023-07-30T00:00:00;international military intervention;aljazeera.com;https://www.aljazeera.com/news/2023/7/30/niger-military-say-threat-of-imminent-military-intervention-by-ecowas
Niger coup and ECOWAS summit;2023-07-30T00:00:00;international military intervention;aljazeera.com;https://www.aljazeera.com/news/2023/7/30/west-african-govts-give-niger-coup-leaders-a-week-to-cede-power
Niger coup and ECOWAS summit;2023-07-30T00:00:00;coup d'etat;aljazeera.com;https://www.aljazeera.com/news/2023/7/30/west-african-govts-give-niger-coup-leaders-a-week-to-cede-power
Niger coup and ECOWAS summit;2023-07-30T00:00:00;political crisis;aljazeera.com;https://www.aljazeera.com/news/2023/7/30/west-african-govts-give-niger-coup-leaders-a-week-to-cede-power
Threat of military action against Niger;2023-07-30T00:00:00;coup d'etat;nytimes.com;https://www.nytimes.com/2023/07/30/world/africa/west-africa-niger-coup.html
Threat of military action against Niger;2023-07-30T00:00:00;coup d'etat;nytimes.com;https://www.nytimes.com/2023/07/30/world/africa/west-africa-niger-coup.html
Threat of military action against Niger;2023-07-30T00:00:00;election;nytimes.com;https://www.nytimes.com/2023/07/30/world/africa/west-africa-niger-coup.html
Threat of military action against Niger;2023-07-30T00:00:00;election;nytimes.com;https://www.nytimes.com/2023/07/30/world/africa/west-africa-niger-coup.html
Threat of military action against Niger;2023-07-30T00:00:00;government;nytimes.com;https://www.nytimes.com/2023/07/30/world/africa/west-africa-niger-coup.html
Threat of military action against Niger;2023-07-30T00:00:00;government;nytimes.com;https://www.nytimes.com/2023/07/30/world/africa/west-africa-niger-coup.html
Niger coup;2023-07-30T00:00:00;coup d'etat;reuters.com;https://www.reuters.com/world/africa/west-african-leaders-meet-over-niger-coup-junta-warns-against-intervention-2023-07-30/
Pro-junta supporters protest in Niger;2023-07-30T00:00:00;political parties and movements;reuters.com;https://www.reuters.com/world/africa/pro-coup-protests-niger-west-african-leaders-meet-2023-07-30/
Pro-junta supporters protest in Niger;2023-07-30T00:00:00;restructuring and recapitalisation;reuters.com;https://www.reuters.com/world/africa/pro-coup-protests-niger-west-african-leaders-meet-2023-07-30/
UK government condemns attempts to undermine democracy in Niger;2023-07-30T00:00:00;politics;reuters.com;https://www.reuters.com/world/britain-condemns-attempts-undermine-democracy-niger-2023-07-30/
Pro-junta supporters protest in Niger;2023-07-30T00:00:00;demonstration;reuters.com;https://www.reuters.com/world/africa/pro-coup-protests-niger-west-african-leaders-meet-2023-07-30/
Anti-French protests outside French Embassy in Niger \;2023-07-30T00:00:00;vandalism;reuters.com;https://www.reuters.com/world/any-attack-french-interests-niger-will-spur-swift-response-french-presidency-2023-07-30/
Suspension of ties with Niger by Ecowas;2023-07-30T00:00:00;civil unrest;theguardian.com;https://www.theguardian.com/world/2023/jul/30/niger-coup-west-african-states-reinstatement-president-mohamed-bazoum
Suspension of ties with Niger by Ecowas;2023-07-30T00:00:00;civil unrest;theguardian.com;https://www.theguardian.com/world/2023/jul/30/niger-coup-west-african-states-reinstatement-president-mohamed-bazoum
Emergency summit of west African leaders;2023-07-30T00:00:00;coup d'etat;theguardian.com;https://www.theguardian.com/world/2023/jul/30/niger-coup-leaders-warn-against-military-intervention-as-west-african-leaders-set-to-meet
Suspension of financial aid and cooperation with Niger;2023-07-31T00:00:00;civil unrest;aljazeera.com;https://www.aljazeera.com/news/2023/7/31/germany-suspends-aid-to-niger-cooperation-after-coup
Uncertain future of Wagner Group;2023-07-31T00:00:00;newspaper;aljazeera.com;https://www.aljazeera.com/news/2023/7/31/russias-wagner-likely-to-need-new-recruits-in-future-says-prigozhin
Coup in Niger;2023-07-31T00:00:00;coup d'etat;aljazeera.com;https://www.aljazeera.com/news/2023/7/31/niger-coup-leaders-say-toppled-government-authorised-french-strikes
Ousting of President in Niger;2023-07-31T00:00:00;coup d'etat;aljazeera.com;https://www.aljazeera.com/news/2023/7/31/situation-in-niger-is-cause-for-serious-concern-says-kremlin
Cancellation of Niger's bond issuance;2023-07-31T00:00:00;government budget;aljazeera.com;https://www.aljazeera.com/news/2023/7/31/nigers-planned-51-mln-bond-issuance-cancelled-due-to-sanctions
Cancellation of Niger's bond issuance;2023-07-31T00:00:00;economy, business and finance;aljazeera.com;https://www.aljazeera.com/news/2023/7/31/nigers-planned-51-mln-bond-issuance-cancelled-due-to-sanctions
Suspension of financial aid and cooperation with Niger;2023-07-31T00:00:00;conflict, war and peace;aljazeera.com;https://www.aljazeera.com/news/2023/7/31/germany-suspends-aid-to-niger-cooperation-after-coup
West African countries impose sanctions and threaten force against Niger's military junta;2023-07-31T00:00:00;vandalism;reuters.com;https://www.reuters.com/podcasts/israel-doubt-bidens-saudi-deal-africa-tough-niger-pakistan-searches-answer-2023-07-31/
General Mark Milley spoke with Lieutenant General Issa Abdou Sidikou;2023-07-31T00:00:00;international relations;reuters.com;https://www.reuters.com/world/africa/top-us-general-spoke-with-niger-counterpart-last-week-pentagon-2023-07-31/
Military coup in Niger and accusations of French plot for military intervention;2023-07-31T00:00:00;international military intervention;theguardian.com;https://www.theguardian.com/world/2023/jul/31/niger-coup-leaders-accuse-france-plotting-military-intervention
Maputo protocol;2023-07-31T00:00:00;administrative law;theguardian.com;https://www.theguardian.com/global-development/2023/jul/31/africa-womens-rights-maputo-protocol-progress-more-needs-to-be-done
Military coup in Niger;2023-07-31T00:00:00;coup d'etat;washingtontimes.com;https://www.washingtontimes.com/news/2023/jul/31/us-fears-fallout-military-coup-dangerous-region/
Russian-African Summit;2023-07-31T00:00:00;politics;washingtontimes.com;https://www.washingtontimes.com/news/2023/jul/31/low-wattage-africa-summit-shows-limits-putins-appe/
Germany's assessment of troop options in Niger and military withdrawal from Mali;2023-07-31T11:59:06Z;news media;reuters.com;https://www.reuters.com/article/niger-security-germany-idUSL8N39H41G
Evacuation of European nationals from Niger;2023-08-01T00:00:00;civil unrest;aljazeera.com;https://www.aljazeera.com/news/2023/8/1/france-to-begin-evacuation-for-its-citizens-eu-nationals-in-niger
Niger coup;2023-08-01T00:00:00;coup d'etat;aljazeera.com;https://www.aljazeera.com/features/2023/8/1/a-test-of-wills-can-ecowas-reverse-niger-coup-and-establish-a-new-order
Military coup in Niger;2023-08-01T00:00:00;coup d'etat;aljazeera.com;https://www.aljazeera.com/news/2023/8/1/burkina-faso-and-mali-warn-against-foreign-intervention-after-niger-coup
Military coup in Niger;2023-08-01T00:00:00;coup d'etat;aljazeera.com;https://www.aljazeera.com/news/2023/8/1/russia-responsible-for-niger-coup-says-top-ukrainian-official
Imposition of sanctions on Niger's military leaders;2023-08-01T00:00:00;diplomacy;aljazeera.com;https://www.aljazeera.com/podcasts/2023/8/1/whats-driving-the-power-struggle-in-niger
Rise in uranium price after Niger coup;2023-08-01T00:00:00;business enterprise;aljazeera.com;https://www.aljazeera.com/news/2023/8/1/uranium-price-hike-projected-after-niger-coup-spurs-slight-rise
Rise in uranium price after Niger coup;2023-08-01T00:00:00;economy;aljazeera.com;https://www.aljazeera.com/news/2023/8/1/uranium-price-hike-projected-after-niger-coup-spurs-slight-rise
Rise in uranium price after Niger coup;2023-08-01T00:00:00;personal finance and investment;aljazeera.com;https://www.aljazeera.com/news/2023/8/1/uranium-price-hike-projected-after-niger-coup-spurs-slight-rise
Niger's military coup and its impact on EU's nuclear power production;2023-08-01T00:00:00;social networking;aljazeera.com;https://www.aljazeera.com/news/2023/8/1/eu-sees-no-uranium-supply-risks-to-nuclear-production-after-niger-coup
Rise in uranium price after Niger coup;2023-08-01T00:00:00;economy, business and finance;aljazeera.com;https://www.aljazeera.com/news/2023/8/1/uranium-price-hike-projected-after-niger-coup-spurs-slight-rise
Imposition of sanctions on Niger's military leaders;2023-08-01T00:00:00;international relations;aljazeera.com;https://www.aljazeera.com/podcasts/2023/8/1/whats-driving-the-power-struggle-in-niger
Joint statement by Mali and Burkina Faso;2023-08-01T00:00:00;diplomacy;nytimes.com;https://www.nytimes.com/2023/08/01/world/africa/niger-coup-mali-burkina-faso.html
Euratom sees no immediate risk to EU nuclear power production from Niger uranium cuts;2023-08-01T00:00:00;religious event;reuters.com;https://www.reuters.com/world/europe/eu-sees-no-immediate-risks-if-niger-cuts-uranium-supplies-2023-08-01/
Euratom sees no immediate risk to EU nuclear power production from Niger uranium cuts;2023-08-01T00:00:00;political leadership;reuters.com;https://www.reuters.com/world/europe/eu-sees-no-immediate-risks-if-niger-cuts-uranium-supplies-2023-08-01/
Evacuation of French and European citizens from Niger;2023-08-01T00:00:00;weather warning;reuters.com;https://www.reuters.com/world/africa/france-start-evacuation-operations-niger-soon-report-french-media-2023-08-01/
German citizens urged to board French evacuation flights from Niger;2023-08-01T00:00:00;politics;reuters.com;https://www.reuters.com/world/europe/germany-urges-citizens-niger-join-french-evacuation-flights-2023-08-01/
Evacuation operations in Niger;2023-08-01T00:00:00;war;reuters.com;https://www.reuters.com/world/france-start-evacuation-operations-niger-soon-report-french-media-2023-08-01/
Evacuation of French and European citizens from Niger;2023-08-01T00:00:00;emergency incident;theguardian.com;https://www.theguardian.com/world/2023/aug/01/niger-coup-france-evacuate-european-citizens
French and European nationals evacuation from Niger;2023-08-01T00:00:00;civil unrest;washingtontimes.com;https://www.washingtontimes.com/news/2023/aug/1/niger-crisis-deepens-as-france-plans-evacuation-an/
Coup in Niger;2023-08-01T00:00:00;coup d'etat;washingtontimes.com;https://www.washingtontimes.com/news/2023/aug/1/coup-in-niger-will-only-embolden-extremists-says-f/
ECOWAS threat to use military force in Niger;2023-08-01T16:38:44Z;politics;independent.co.uk;https://www.independent.co.uk/news/ecowas-ap-niger-yahya-jammeh-west-africa-b2385763.html
Evacuation of European citizens from Niger;2023-08-01T20:46:31Z;weather warning;independent.co.uk;https://www.independent.co.uk/news/world/africa/niger-coup-france-evacuate-b2385856.html
Evacuation of European citizens from Niger;2023-08-01T20:46:31Z;military occupation;independent.co.uk;https://www.independent.co.uk/news/world/africa/niger-coup-france-evacuate-b2385856.html
ECOWAS sanctions on Niger;2023-08-02T00:00:00;civil unrest;aljazeera.com;https://www.aljazeera.com/news/2023/8/2/west-african-bloc-sends-mission-to-niger-to-negotiate-with-coup-leaders
Evacuation of European citizens from Niger after the removal of elected Niger President Mohamed Bazoum;2023-08-02T00:00:00;civil unrest;aljazeera.com;https://www.aljazeera.com/news/2023/8/2/first-planes-carrying-evacuees-from-niger-land-in-paris-and-rome
Military coup in Niger;2023-08-02T00:00:00;coup d'etat;aljazeera.com;https://www.aljazeera.com/news/2023/8/2/timeline-a-week-after-the-coup-how-has-the-niger-crisis-unfolded
Reopening of Niger borders;2023-08-02T00:00:00;news media;aljazeera.com;https://www.aljazeera.com/news/2023/8/2/niger-reopens-borders-with-several-neighbours-a-week-after-coup
Reopening of Niger borders;2023-08-02T00:00:00;court;aljazeera.com;https://www.aljazeera.com/news/2023/8/2/india-top-court-hears-petitions-challenging-kashmir-special-status-removal
"""Visit of General Salifou Mody to Mali"",";2023-08-02T00:00:00;international relations;cnn.com;https://edition.cnn.com/2023/08/02/africa/niger-coup-mali-wagner-intl-afr/
Evacuation of French and other Nationals from Niger;2023-08-02T00:00:00;international military intervention;reuters.com;https://www.reuters.com/world/uk/uk-says-first-group-british-nationals-have-left-niger-french-flight-2023-08-02/
World Bank suspends disbursements in Niger due to military coup;2023-08-02T00:00:00;civil unrest;reuters.com;https://www.reuters.com/world/africa/world-bank-pauses-disbursements-niger-operations-except-private-partnerships-2023-08-02/
Niger Border Reopening;2023-08-02T00:00:00;newspaper;reuters.com;https://www.reuters.com/world/africa/niger-reopens-borders-with-several-neighbours-week-after-coup-2023-08-02/
Nigerien truck drivers stranded with perishable goods after ECOWAS sanctions;2023-08-02T00:00:00;international relations;reuters.com;https://www.reuters.com/world/africa/with-spoiling-goods-niger-truckers-feel-early-sting-coup-sanctions-2023-08-02/
Britain's Prime Minister and German Chancellor condemn attempts to undermine democracy in Niger;2023-08-02T00:00:00;international relations;reuters.com;https://www.reuters.com/world/europe/uk-german-leaders-discuss-concerning-situation-niger-2023-08-02/
Italian Foreign Minister Tajani's statement on Western military intervention in Niger;2023-08-02T08:40:05Z;politics;reuters.com;https://www.reuters.com/article/niger-security-italy-idAFR1N38001K
Misinformation regarding halt of gold and uranium exports from Niger, Mali and Burkina Faso;2023-08-02T11:56:14Z;news media;reuters.com;https://www.reuters.com/article/fact-check-niger-mali-and-burkina-faso-n-idUSL8N39J4N2
Misinformation regarding halt of gold and uranium exports from Niger, Mali and Burkina Faso;2023-08-02T11:56:14Z;disinformation and misinformation;reuters.com;https://www.reuters.com/article/fact-check-niger-mali-and-burkina-faso-n-idUSL8N39J4N2
Evacuation of British nationals from Niger;2023-08-02T20:03:03Z;war;independent.co.uk;https://www.independent.co.uk/news/uk/james-cleverly-ecowas-british-niger-nigeria-b2386620.html
Nigerien President Mohamed Bazoum Overthrown;2023-08-03T00:00:00;coup d'etat;aljazeera.com;https://www.aljazeera.com/news/2023/8/3/us-state-department-orders-evacuation-of-embassy-in-niger-following-coup
Niger's coup and political crisis;2023-08-03T00:00:00;coup d'etat;aljazeera.com;https://www.aljazeera.com/news/2023/8/3/niger-coup-leader-defiant-as-nigeria-cuts-power-ecowas-threatens-force
Protest in Support of Coup on Niger's 63rd Independence Anniversary;2023-08-03T00:00:00;vandalism;aljazeera.com;https://www.aljazeera.com/news/2023/8/3/pro-coup-protests-continue-in-niger-as-biden-urges-bazoum-release
Coup in Niger;2023-08-03T00:00:00;coup d'etat;reuters.com;https://www.reuters.com/world/africa/niger-coup-leaders-blamed-insecurity-conflict-data-paints-different-picture-2023-08-03/
Evacuation of US embassy staff from Niger;2023-08-03T00:00:00;civil unrest;theguardian.com;https://www.theguardian.com/world/2023/aug/03/niger-us-orders-partial-embassy-evacuation-as-coup-leaders-refuse-to-back-down
"""Australian Surgeon Held Captive in Africa"",";2023-08-03T00:00:00;kidnapping;theguardian.com;https://www.theguardian.com/australia-news/2023/aug/03/ken-elliott-freed-australian-kidnapped-al-qaida-captivity-africa-keswick-convention-centre
Call for release of Niger's elected president;2023-08-03T00:00:00;politics;theguardian.com;https://www.theguardian.com/world/2023/aug/03/niger-coup-junta-joe-biden-mohamed-bazoum
Evacuation of U.S. Embassy in Niamey, Niger<br>;2023-08-03T00:00:00;civil unrest;washingtontimes.com;https://www.washingtontimes.com/news/2023/aug/3/state-department-evacuate-all-non-emergency-person/
"""Rally in Support of Niger's Ruling Junta"",";2023-08-03T00:00:00;demonstration;washingtontimes.com;https://www.washingtontimes.com/news/2023/aug/3/hundreds-rally-in-niger-denouncing-france-as-count/
Evacuation of British Nationals from Niger;2023-08-03T10:06:06Z;civil unrest;independent.co.uk;https://www.independent.co.uk/news/uk/niger-france-britons-oliver-dowden-french-b2386935.html
Evacuation of British Nationals from Niger;2023-08-03T10:06:06Z;civil unrest;independent.co.uk;https://www.independent.co.uk/news/uk/niger-france-britons-oliver-dowden-french-b2386935.html
French military evacuation flight in Niger;2023-08-03T13:36:16Z;conflict, war and peace;independent.co.uk;https://www.independent.co.uk/tv/news/niger-coup-evacuations-flights-france-b2387081.html
President Mohamed Bazoum's call for help;2023-08-04T00:00:00;coup d'etat;aljazeera.com;https://www.aljazeera.com/news/2023/8/4/nigers-bazoum-warns-of-devastating-fallout-for-world-if-coup-succeeds
Military coup in Niger;2023-08-04T00:00:00;coup d'etat;cnn.com;https://edition.cnn.com/2023/08/04/africa/niger-president-mohamed-bazoum-hostage-oped-intl-hnk/
West African diplomatic mission to Niger;2023-08-04T00:00:00;civil unrest;theguardian.com;https://www.theguardian.com/world/2023/aug/04/diplomatic-mission-to-niger-fails-to-secure-release-of-ousted-president
West African diplomatic mission to Niger;2023-08-04T00:00:00;civil unrest;theguardian.com;https://www.theguardian.com/world/2023/aug/04/diplomatic-mission-to-niger-fails-to-secure-release-of-ousted-president
"""Coup in Niger"",";2023-08-05T00:00:00;politics;theguardian.com;https://www.theguardian.com/commentisfree/2023/aug/05/niger-crisis-france-empire-africa-coup-colony?mc_cid=6605e5fd29&mc_eid=dddcffa922
"""Military coup in Niger"",";2023-08-05T10:56:57Z;appeal (court);reuters.com;https://www.reuters.com/article/niger-security-idAFKBN2ZG064
"""Threat of force by West African leaders following Niger coup"",";2023-08-06T00:00:00;coup d'etat;aljazeera.com;https://www.aljazeera.com/news/2023/8/6/niger-coup-divisions-as-ecowas-military-threat-fails-to-play-out
"""Supporters gather at stadium in Niger"",";2023-08-06T00:00:00;coup d'etat;aljazeera.com;https://www.aljazeera.com/news/2023/8/6/thousands-in-niger-rally-in-support-of-coup-leaders
Ultimatum for Niger's coup leaders to restore deposed President Mohamed Bazoum;2023-08-06T00:00:00;politics;aljazeera.com;https://www.aljazeera.com/news/2023/8/6/defiance-fear-in-niger-as-ecowas-deadline-looms
"""Threat of force by West African leaders following Niger coup"",";2023-08-06T00:00:00;war;aljazeera.com;https://www.aljazeera.com/news/2023/8/6/niger-coup-divisions-as-ecowas-military-threat-fails-to-play-out
Junta relinquishing power in Niger;2023-08-06T00:00:00;civil unrest;nytimes.com;https://www.nytimes.com/2023/08/06/world/africa/niger-coup-deadline.html
Junta relinquishing power in Niger;2023-08-06T00:00:00;politics;nytimes.com;https://www.nytimes.com/2023/08/06/world/africa/niger-coup-deadline.html
Summit on the situation in the Sahel region\;2023-08-06T00:00:00;politics;reuters.com;https://www.reuters.com/world/africa/behind-nigers-coup-feud-over-former-presidents-legacy-2023-08-06/
"""Rally of coup supporters"",";2023-08-06T00:00:00;civil unrest;theguardian.com;https://www.theguardian.com/world/2023/aug/06/niger-thousands-gather-for-rally-to-cheer-generals-who-led-coup
"""Political turmoil in the Sahel region"",";2023-08-06T00:00:00;civil war;theguardian.com;https://www.theguardian.com/world/2023/aug/06/nigers-coup-adds-to-chaos-in-the-sahel-but-it-may-also-offer-some-hope
Army-led coup in Niger;2023-08-06T00:00:00;politics;washingtontimes.com;https://www.washingtontimes.com/news/2023/aug/6/bloc-backs-military-action-nigers-coup-leaders-rem/
"""Coup in Niger"",";2023-08-06T09:34:33Z;military occupation;reuters.com;https://www.reuters.com/article/niger-security-idAFKBN2ZH041
"""Closure of Nigerien airspace"",";2023-08-06T21:29:28Z;international relations;reuters.com;https://www.reuters.com/article/niger-security-airspace-idUSL8N39N0KX
"""Pause on security aid to Niger"",";2023-08-07T00:00:00;coup d'etat;aljazeera.com;https://www.aljazeera.com/news/2023/8/7/us-urges-niger-coup-leaders-to-step-aside-in-direct-contact
"""Coup in Niger"",";2023-08-07T00:00:00;political crisis;aljazeera.com;https://www.aljazeera.com/news/2023/8/7/niger-closes-airspace-as-ecowas-deadline-for-coup-reversal-expires
"""ECOWAS sanctions on Niger and possible use of force"",";2023-08-07T00:00:00;armed conflict;aljazeera.com;https://www.aljazeera.com/news/2023/8/7/niger-what-are-west-africas-options-to-reverse-the-coup
"""West African bloc meeting on Niger coup"",";2023-08-07T00:00:00;politics;aljazeera.com;https://www.aljazeera.com/news/2023/8/7/ecowas-calls-for-second-emergency-summit-to-discuss-niger-coup
"""Coup in Niger"",";2023-08-07T00:00:00;conflict, war and peace;aljazeera.com;https://www.aljazeera.com/news/2023/8/7/niger-closes-airspace-as-ecowas-deadline-for-coup-reversal-expires
"""Political chaos and potential military intervention in Niger"",";2023-08-07T00:00:00;coup d'etat;cnn.com;https://edition.cnn.com/2023/08/07/africa/niger-coup-deadline-intl/
Niger's junta defies deadline from West Africa's regional bloc to reinstate ousted president;2023-08-07T00:00:00;coup d'etat;reuters.com;https://www.reuters.com/world/africa/what-are-west-africas-options-reverse-nigers-coup-2023-08-07/
Coup in Niger;2023-08-07T00:00:00;coup d'etat;reuters.com;https://www.reuters.com/world/africa/niger-waits-west-african-blocs-response-after-junta-rejects-ultimatum-2023-08-07/
"""Refusal to meet ousted president and restore democracy"",";2023-08-07T00:00:00;coup d'etat;theguardian.com;https://www.theguardian.com/world/2023/aug/07/top-us-official-holds-frank-and-difficult-talks-with-nigerian-junta-leaders
"""Closure of Niger's airspace"",";2023-08-07T00:00:00;politics;theguardian.com;https://www.theguardian.com/world/2023/aug/07/niger-closes-airspace-as-deadline-to-reinstate-president-passes
Coup in Niger;2023-08-07T00:00:00;politics;washingtontimes.com;https://www.washingtontimes.com/news/2023/aug/7/two-rivals-claim-to-be-in-charge-in-niger-one-is-d/
"""Rishi Sunak's government revives proposal to send migrants to overseas territory"",";2023-08-07T06:55:16Z;refugees and internally displaced people;independent.co.uk;https://www.independent.co.uk/news/uk/politics/government-illegal-migrants-ascension-island-rwanda-b2388582.html
Closure of Niger's airspace;2023-08-07T07:31:55Z;relations between religion and government;independent.co.uk;https://www.independent.co.uk/travel/news-and-advice/british-airways-flights-niger-airspace-b2388703.html
Closure of Niger's airspace;2023-08-07T07:31:55Z;relations between religion and government;independent.co.uk;https://www.independent.co.uk/travel/news-and-advice/british-airways-flights-niger-airspace-b2388703.html
Mutiny in Niger;2023-08-07T08:44:38Z;civil unrest;independent.co.uk;https://www.independent.co.uk/tv/news/niger-airspace-military-forces-president-b2388748.html
Closure of Niger's Airspace;2023-08-07T09:13:04Z;civil unrest;independent.co.uk;https://www.independent.co.uk/travel/news-and-advice/british-airways-flights-niger-airspace-b2388703.html
Closure of Niger's Airspace;2023-08-07T09:13:04Z;civil unrest;independent.co.uk;https://www.independent.co.uk/travel/news-and-advice/british-airways-flights-niger-airspace-b2388703.html
Closure of Niger's Airspace;2023-08-07T09:13:04Z;civil unrest;independent.co.uk;https://www.independent.co.uk/travel/news-and-advice/british-airways-flights-niger-airspace-b2388703.html
Closure of Niger's Airspace;2023-08-07T09:13:04Z;civil unrest;independent.co.uk;https://www.independent.co.uk/travel/news-and-advice/british-airways-flights-niger-airspace-b2388703.html
Closure of Niger's Airspace;2023-08-07T09:13:04Z;civil unrest;independent.co.uk;https://www.independent.co.uk/travel/news-and-advice/british-airways-flights-niger-airspace-b2388703.html
Closure of Niger's Airspace;2023-08-07T09:13:04Z;civil unrest;independent.co.uk;https://www.independent.co.uk/travel/news-and-advice/british-airways-flights-niger-airspace-b2388703.html
"""African leaders summit on possible military action in Niger"",";2023-08-07T18:29:19Z;military occupation;independent.co.uk;https://www.independent.co.uk/news/world/africa/niger-coup-airspace-flights-ecowas-military-action-b2389074.html
"""Niger's military coup"",";2023-08-08T00:00:00;armed conflict;aljazeera.com;https://www.aljazeera.com/news/2023/8/8/sanctions-airspace-closures-hamper-un-humanitarian-efforts-in-niger
"""Appointment of Nuhu Ribadu as Nigeria's new national security adviser"",";2023-08-08T00:00:00;regional government and authority;aljazeera.com;https://www.aljazeera.com/features/2023/8/8/the-rise-fall-and-rise-again-of-nuhu-ribadu-nigerias-new-security-chief
"""West African leaders meeting"",";2023-08-08T00:00:00;politics;aljazeera.com;https://www.aljazeera.com/news/2023/8/8/niger-coup-leaders-rebuff-diplomatic-overtures-from-au-ecowas
"""Crisis sparked by a coup in Niger"",";2023-08-08T00:00:00;law;nytimes.com;https://www.nytimes.com/2023/08/08/world/africa/niger-coup-military-talks.html
Coup in Niger;2023-08-08T00:00:00;politics;reuters.com;https://www.reuters.com/world/africa/what-sanctions-have-been-imposed-niger-since-coup-2023-08-08/
'Refusal of Junta Leaders in Niger to Meet Senior US Official and Restore Democracy',;2023-08-08T00:00:00;coup d'etat;theguardian.com;https://www.theguardian.com/world/2023/aug/08/junta-leaders-in-niger-refuse-to-let-top-us-official-meet-ousted-president
'Development of pro-Russian movement in Niger',;2023-08-08T00:00:00;terrorism;theguardian.com;https://www.theguardian.com/global-development/2023/aug/08/explainer-whats-behind-the-niger-coup
'Development of pro-Russian movement in Niger',;2023-08-08T00:00:00;terrorism;theguardian.com;https://www.theguardian.com/global-development/2023/aug/08/explainer-whats-behind-the-niger-coup
"""African leaders summit on military action in Niger"",";2023-08-08T04:21:44Z;regulation of industry;independent.co.uk;https://www.independent.co.uk/news/world/africa/africa-niger-coup-airspace-b2389251.html
Coup in Niger;2023-08-08T18:37:42Z;politics;independent.co.uk;https://www.independent.co.uk/news/world/africa/niger-coup-ecowas-summit-abuja-military-intervention-b2389754.html
"""Opposition to military government in Niger"",";2023-08-09T00:00:00;coup d'etat;aljazeera.com;https://www.aljazeera.com/news/2023/8/9/former-niger-rebel-launches-anti-coup-movement-as-impasse-continues
"""Coup in Niger"",";2023-08-09T00:00:00;coup d'etat;aljazeera.com;https://www.aljazeera.com/news/2023/8/9/niger-coup-leaders-accuse-french-forces-of-destabilising-the-country
Niger crisis;2023-08-09T00:00:00;politics;aljazeera.com;https://www.aljazeera.com/program/inside-story/2023/8/9/whats-the-impact-of-nigers-military-coup
"""Political conflict in Niger"",";2023-08-09T00:00:00;coup d'etat;cnn.com;https://edition.cnn.com/2023/08/09/africa/niger-coup-bazoum-house-arrest-intl/
"""Demand for Russian flags in Niger after military takeover"",";2023-08-09T00:00:00;politics;reuters.com;https://www.reuters.com/world/africa/nigers-tailors-rush-make-russian-flags-after-coup-2023-08-09/
Sanctions against junta in Niger;2023-08-09T00:00:00;war;reuters.com;https://www.reuters.com/world/eu-starts-preparing-sanctions-against-niger-sources-2023-08-09/
Sanctions against junta in Niger;2023-08-09T00:00:00;conflict, war and peace;reuters.com;https://www.reuters.com/world/eu-starts-preparing-sanctions-against-niger-sources-2023-08-09/
"""Deposition of President Mohamed Bazoum"",";2023-08-09T00:00:00;coup d'etat;theguardian.com;https://www.theguardian.com/world/2023/aug/09/un-fears-niger-ex-president-running-out-food
"""Appointment of new Cabinet ministers by military junta"",";2023-08-09T00:00:00;coup d'etat;washingtontimes.com;https://www.washingtontimes.com/news/2023/aug/9/nigers-military-junta-digs-in-with-cabinet-appoint/
"""Emergency summit on Niger coup"",";2023-08-10T00:00:00;politics;aljazeera.com;https://www.aljazeera.com/news/2023/8/10/ecowas-summit-begins-in-nigeria-as-niger-coup-leaders-remain-defiant
"""West African leaders call for deployment of regional standby force in Niger"",";2023-08-10T00:00:00;coup d'etat;cnn.com;https://edition.cnn.com/2023/08/10/africa/niger-ecowas-standby-force-intl/
"""Political Crisis in Niger"",";2023-08-10T00:00:00;civil unrest;nytimes.com;https://www.nytimes.com/2023/08/10/world/africa/niger-coup-ecowas-summit.html
"""Deposition of President Mohamed bazoum"",";2023-08-10T00:00:00;coup d'etat;theguardian.com;https://www.theguardian.com/world/2023/aug/10/us-voices-fears-for-niger-ex-president-who-is-running-out-of-food
"""Activation of ECOWAS Standby Force"",";2023-08-10T00:00:00;international relations;theguardian.com;https://www.theguardian.com/world/2023/aug/10/west-african-leaders-activate-standby-force-to-put-pressure-on-junta-in-niger
Crisis in the Sahel region;2023-08-11T00:00:00;terrorism;nytimes.com;https://www.nytimes.com/2023/08/11/opinion/wagner-russia-prigozhin-bazoum-niger.html
"""Brussels Airlines temporarily stops flying to Angola"",";2023-08-11T00:00:00;political crisis;reuters.com;https://www.reuters.com/business/aerospace-defense/brussels-airlines-halt-flying-angola-due-nigers-closed-airspace-2023-08-11/
"""Brussels Airlines temporarily stops flying to Angola"",";2023-08-11T00:00:00;conflict, war and peace;reuters.com;https://www.reuters.com/business/aerospace-defense/brussels-airlines-halt-flying-angola-due-nigers-closed-airspace-2023-08-11/
"""Detention of Niger's overthrown leader and family"",";2023-08-11T00:00:00;armed conflict;theguardian.com;https://www.theguardian.com/world/2023/aug/11/niger-captive-leader-losing-weight-in-inhumane-conditions-daughter-reveals-mohamed-bazoum
"""Emergency meeting of ECOWAS leaders on the coup in Niger"",";2023-08-12T00:00:00;political crisis;aljazeera.com;https://www.aljazeera.com/news/2023/8/12/west-african-bloc-scraps-crisis-meeting-on-niger-coup
"""Nigerien President's Detention"",";2023-08-12T00:00:00;armed conflict;aljazeera.com;https://www.aljazeera.com/news/2023/8/12/us-warns-of-deteriorating-conditions-for-nigers-ousted-president-bazoum
"""Crisis in Niger"",";2023-08-12T00:00:00;revolution;cnn.com;https://edition.cnn.com/2023/08/12/opinions/russia-wagner-niger-coup-andelman/
"""Military takeover in Niger"",";2023-08-12T00:00:00;military occupation;theguardian.com;https://www.theguardian.com/world/2023/aug/12/defiant-leaders-of-niger-coup-confident-of-holding-on-to-power
"""Suspension of key military meeting"",";2023-08-12T00:00:00;regional government and authority;theguardian.com;https://www.theguardian.com/world/2023/aug/12/niger-coup-west-african-countries-suspend-key-military-meeting-on-standby-force
"""Conflict in Niger"",";2023-08-12T00:00:00;military occupation;washingtontimes.com;https://www.washingtontimes.com/news/2023/aug/12/activist-tied-to-nigers-junta-says-its-leaders-won/
"""Coup leaders in Niger open to diplomacy"",";2023-08-13T00:00:00;politics;aljazeera.com;https://www.aljazeera.com/news/2023/8/13/nigerian-delegation-says-niger-military-leaders-open-to-diplomacy
Planned withdrawal from Ber due to worsening security;2023-08-13T00:00:00;civil unrest;reuters.com;https://www.reuters.com/world/africa/un-peacekeepers-speed-up-northern-mali-withdrawal-separatists-accuse-army-attack-2023-08-13/
Planned withdrawal from Ber due to worsening security;2023-08-13T00:00:00;politics;reuters.com;https://www.reuters.com/world/africa/un-peacekeepers-speed-up-northern-mali-withdrawal-separatists-accuse-army-attack-2023-08-13/
"""Prosecution of deposed President Mohamed Bazoum"",";2023-08-14T00:00:00;prosecution and prosecutors;aljazeera.com;https://www.aljazeera.com/news/2023/8/14/niger-military-to-prosecute-mohamed-bazoum-for-high-treason
"""Niger's military coup"",";2023-08-14T00:00:00;armed conflict;theguardian.com;https://www.theguardian.com/world/2023/aug/14/niger-coup-leaders-say-deposed-president-mohamed-bazoum-could-face-treason-charges
"""Coup belt across Africa"",";2023-08-14T00:00:00;war;theguardian.com;https://www.theguardian.com/commentisfree/2023/aug/14/niger-crisis-africans-continent-moscow-washington
"""Prosecution of Mohamed Bazoum for high treason"",";2023-08-14T08:49:05Z;government;independent.co.uk;https://www.independent.co.uk/news/world/africa/niger-coup-leaders-prosecute-mohamed-bazoum-b2392562.html
"""Phone call between Assimi Goita and Vladimir Putin"",";2023-08-15T00:00:00;coup d'etat;aljazeera.com;https://www.aljazeera.com/news/2023/8/15/putin-urges-peaceful-resolution-as-mali-and-russia-discuss-niger
"""Phone call between Assimi Goita and Vladimir Putin"",";2023-08-15T00:00:00;coup d'etat;aljazeera.com;https://www.aljazeera.com/news/2023/8/15/putin-urges-peaceful-resolution-as-mali-and-russia-discuss-niger
"""Military presence in Niger"",";2023-08-15T00:00:00;civil war;aljazeera.com;https://www.aljazeera.com/opinions/2023/8/15/niger-coup-will-the-west-change-its-security-approach-to-the-sahel
"""Meeting rescheduled"",";2023-08-15T00:00:00;politics;aljazeera.com;https://www.aljazeera.com/news/2023/8/15/west-african-military-chiefs-to-discuss-niger-crisis-thursday-and-friday
"""Attack on Nigerien Armed Forces"",";2023-08-16T00:00:00;military occupation;aljazeera.com;https://www.aljazeera.com/news/2023/8/16/more-than-a-dozen-niger-troops-killed-in-attack-near-mali-border
"""Attack on Nigerien Armed Forces"",";2023-08-16T00:00:00;military occupation;aljazeera.com;https://www.aljazeera.com/news/2023/8/16/more-than-a-dozen-niger-troops-killed-in-attack-near-mali-border
Military takeover in Niger;2023-08-16T00:00:00;civil unrest;nytimes.com;https://www.nytimes.com/2023/08/16/us/politics/niger-coup-terrorism-russia.html
"""Interpreters in Mali request protection as German forces prepare to pull out"",";2023-08-16T00:00:00;politics;reuters.com;https://www.reuters.com/world/interpreters-german-troops-mali-seek-berlin-protection-pull-out-looms-2023-08-16/
"""Mass mobilisation of citizens against military action"",";2023-08-16T00:00:00;political crisis;theguardian.com;https://www.theguardian.com/world/2023/aug/16/niger-coup-backers-call-for-mass-mobilisation-amid-military-threat-from-regional-bloc
Standby force intervention in Niger;2023-08-17T00:00:00;civil unrest;aljazeera.com;https://www.aljazeera.com/news/2023/8/17/most-ecowas-members-ready-to-join-standby-force-in-niger-commissioner
"""Helicopter crash in Nigerian state of Niger"",";2023-08-17T00:00:00;transportation accident and incident;aljazeera.com;https://www.aljazeera.com/news/2023/8/17/two-dozen-nigerian-troops-die-in-air-crash-as-evacuation-mission-goes-awry
"""Helicopter crash in Nigerian state of Niger"",";2023-08-17T00:00:00;transportation accident and incident;aljazeera.com;https://www.aljazeera.com/news/2023/8/17/two-dozen-nigerian-troops-die-in-air-crash-as-evacuation-mission-goes-awry
Standby force intervention in Niger;2023-08-17T00:00:00;vandalism;aljazeera.com;https://www.aljazeera.com/news/2023/8/17/most-ecowas-members-ready-to-join-standby-force-in-niger-commissioner
Possible Military Intervention in Niger;2023-08-17T00:00:00;civil unrest;theguardian.com;https://www.theguardian.com/world/2023/aug/17/west-african-bloc-prepared-for-military-intervention-after-niger-coup
Possible Military Intervention in Niger;2023-08-17T00:00:00;civil unrest;theguardian.com;https://www.theguardian.com/world/2023/aug/17/west-african-bloc-prepared-for-military-intervention-after-niger-coup
"""Ecowas meeting on potential military intervention in Niger"",";2023-08-17T00:00:00;war crime;theguardian.com;https://www.theguardian.com/world/2023/aug/17/west-african-bloc-prepared-for-military-intervention-after-niger-coup
"""ECOWAS defence chiefs meeting in Accra"",";2023-08-18T00:00:00;military occupation;aljazeera.com;https://www.aljazeera.com/news/2023/8/18/ecowas-defence-chiefs-continue-talks-on-possible-niger-intervention
"""Sudanese refugees dreaming of finding security in Europe"",";2023-08-18T00:00:00;refugees and internally displaced people;aljazeera.com;https://www.aljazeera.com/news/2023/8/18/the-sudanese-who-fled-war-for-weeks-now-praying-for-a-boat-to-europe
"""Disinformation in Niger after the coup"",";2023-08-18T00:00:00;politics;aljazeera.com;https://www.aljazeera.com/news/2023/8/18/niger-becomes-hotbed-of-disinformation-after-july-26-coup
"""Gabon presidential election"",";2023-08-18T00:00:00;election;reuters.com;https://www.reuters.com/world/africa/gabons-main-opposition-parties-choose-joint-candidate-presidential-vote-2023-08-18/
"""Coup in Niger"",";2023-08-18T00:00:00;war;washingtontimes.com;https://www.washingtontimes.com/news/2023/aug/18/leading-politician-says-victory-for-nigers-coup-le/
"""Ousting of Niger's President Mohamed Bazoum"",";2023-08-18T08:00:21Z;terrorism;independent.co.uk;https://www.independent.co.uk/news/world/americas/us-politics/niger-ap-united-states-ecowas-france-b2395236.html
"""Military coup in Niger"",";2023-08-19T00:00:00;coup d'etat;aljazeera.com;https://www.aljazeera.com/news/2023/8/19/niger-coup-ecowas-delegation-arrives-after-d-day-invasion-threat
"""Delegation from West Africa's economic bloc meets ousted president in Niger"",";2023-08-19T00:00:00;civil unrest;theguardian.com;https://www.theguardian.com/world/2023/aug/19/delegation-from-west-african-bloc-meets-niger-ousted-president-mohamed-bazoum
Coup in Niger;2023-08-20T00:00:00;civil unrest;aljazeera.com;https://www.aljazeera.com/features/2023/8/20/timeline-what-has-happened-in-niger-since-the-coup
"""Demonstration in Niger"",";2023-08-20T00:00:00;demonstration;aljazeera.com;https://www.aljazeera.com/news/2023/8/20/pro-coup-rally-in-niger-after-threat-of-military-intervention
Mutiny in Niger;2023-08-20T00:00:00;coup d'etat;washingtontimes.com;https://www.washingtontimes.com/news/2023/aug/20/talks-between-regional-bloc-and-nigers-junta-yield/
Crisis in Niger;2023-08-20T00:00:00;coup d'etat;washingtontimes.com;https://www.washingtontimes.com/news/2023/aug/20/pope-francis-calls-for-peaceful-end-to-niger-crisi/
Coup in Niger;2023-08-20T08:18:36Z;religious conflict;independent.co.uk;https://www.independent.co.uk/news/world/africa/niger-coup-junter-leader-democracy-ecowas-b2396133.html
"""Mutinous soldiers refusing to reinstate president in Niger"",";2023-08-20T08:47:58Z;politics;independent.co.uk;https://www.independent.co.uk/news/world/europe/niger-ap-ecowas-france-president-b2396167.html
Summit on Niger's situation;2023-08-21T00:00:00;political crisis;aljazeera.com;https://www.aljazeera.com/podcasts/2023/8/21/how-likely-is-military-intervention-in-niger
Summit on Niger's situation;2023-08-21T00:00:00;religious conflict;aljazeera.com;https://www.aljazeera.com/podcasts/2023/8/21/how-likely-is-military-intervention-in-niger
Suspension of Niger from the African Union;2023-08-22T00:00:00;economic sanction;aljazeera.com;https://www.aljazeera.com/news/2023/8/22/african-union-suspends-niger-with-immediate-effect-for-july-26-coup
France denies requesting Algerian airspace for military operation in Niger;2023-08-22T00:00:00;computer security;reuters.com;https://www.reuters.com/world/africa/algeria-refuses-french-overflight-niger-military-operation-state-radio-2023-08-22/
French request to fly over Algeria's airspace;2023-08-22T00:00:00;civil and public service;reuters.com;https://www.reuters.com/world/africa/algeria-refuses-french-overflight-niger-military-operation-state-radio-2023-08-22/
French request to fly over Algeria's airspace;2023-08-22T00:00:00;civil and public service;reuters.com;https://www.reuters.com/world/africa/algeria-refuses-french-overflight-niger-military-operation-state-radio-2023-08-22/
Military intervention in Niger;2023-08-22T00:00:00;civil war;theguardian.com;https://www.theguardian.com/world/2023/aug/22/african-union-issues-ambiguous-view-on-possible-niger-military-intervention
"""Gabon presidential election"",";2023-08-24T00:00:00;election;aljazeera.com;https://www.aljazeera.com/features/2023/8/24/gabon-opposition-wants-to-turn-the-page-on-the-bongos-in-aug-26-vote
Crisis in Niger;2023-08-25T00:00:00;politics;aljazeera.com;https://www.aljazeera.com/news/2023/8/25/niger-military-rulers-order-france-ambassador-to-leave-the-country
Nigeria's Oil Refinery Operational Expectations;2023-08-25T00:00:00;oil and gas - downstream activities;reuters.com;https://www.reuters.com/markets/commodities/nigeria-seeks-restart-four-state-oil-refineries-by-end-2024-minister-2023-08-25/
"""Surge in demand for Mary Janes"",";2023-08-25T00:00:00;lifestyle and leisure;theguardian.com;https://www.theguardian.com/fashion/2023/aug/25/fashion-mary-jane-shoes-footwear
"""Plane crash"",";2023-08-25T07:12:02Z;war;independent.co.uk;https://www.independent.co.uk/news/world/europe/will-wagner-group-retaliate-b2399229.html
Presidential and Parliamentary Elections in Gabon;2023-08-26T00:00:00;election;aljazeera.com;https://www.aljazeera.com/features/2023/8/26/one-family-has-led-gabon-for-56-years-can-this-election-bring-a-new-era
Presidential, Legislative, and Local Elections in Gabon;2023-08-26T00:00:00;election;aljazeera.com;https://www.aljazeera.com/news/2023/8/26/voters-head-to-the-polls-in-gabon-general-election
Presidential and Parliamentary Elections in Gabon;2023-08-26T00:00:00;politics;aljazeera.com;https://www.aljazeera.com/features/2023/8/26/one-family-has-led-gabon-for-56-years-can-this-election-bring-a-new-era
"""Death of Yevgeny Prigozhin"",";2023-08-26T00:00:00;conflict, war and peace;aljazeera.com;https://www.aljazeera.com/news/2023/8/26/charismatic-leader-is-gone-but-wagner-will-survive-in-africa-analysts-say
"""Expulsion of French ambassador from Niger"",";2023-08-26T00:00:00;election;theguardian.com;https://www.theguardian.com/world/2023/aug/26/niger-coup-leaders-give-french-ambassador-48-hours-to-leave-country
Crash of Prigozhin's Private Jet;2023-08-26T00:00:00;regional government and authority;washingtontimes.com;https://www.washingtontimes.com/news/2023/aug/26/russias-wagner-mercenaries-face-uncertainty-after-/
"""Exploitation of the military coup in Niger"",";2023-08-27T00:00:00;disaster;theguardian.com;https://www.theguardian.com/world/2023/aug/27/russia-uses-social-media-channels-to-exploit-niger-coup
"""Exploitation of the military coup in Niger"",";2023-08-27T00:00:00;war;theguardian.com;https://www.theguardian.com/world/2023/aug/27/russia-uses-social-media-channels-to-exploit-niger-coup
"""Exploitation of the military coup in Niger"",";2023-08-27T00:00:00;conflict, war and peace;theguardian.com;https://www.theguardian.com/world/2023/aug/27/russia-uses-social-media-channels-to-exploit-niger-coup
"""Suspension of media outlets in Gabon"",";2023-08-28T00:00:00;election;aljazeera.com;https://www.aljazeera.com/news/2023/8/28/gabon-french-media-hit-by-ban-internet-down-in-disputed-election
Military coup in Gabon;2023-08-30T00:00:00;coup d'etat;aljazeera.com;https://www.aljazeera.com/news/2023/8/30/mapping-africas-coups-detat-across-the-years
Coup in Gabon;2023-08-30T00:00:00;coup d'etat;aljazeera.com;https://www.aljazeera.com/news/2023/8/30/who-is-brice-oligui-nguema-alleged-coup-leader-in-gabon
Military coup in Gabon;2023-08-30T00:00:00;armed conflict;aljazeera.com;https://www.aljazeera.com/news/2023/8/30/gabon-military-officers-claim-power-say-election-lacked-credibility
EU Defence Ministers Discuss Situation in Gabon;2023-08-30T00:00:00;coup d'etat;reuters.com;https://www.reuters.com/world/situation-gabon-west-africa-big-issue-europe-eus-borrell-2023-08-30/
"""EU defence ministers to discuss situation in Gabon"",";2023-08-30T00:00:00;regional government and authority;reuters.com;https://www.reuters.com/world/situation-gabon-west-africa-big-issue-europe-eus-borrell-2023-08-30/
"""EU defence ministers to discuss situation in Gabon"",";2023-08-30T00:00:00;regional government and authority;reuters.com;https://www.reuters.com/world/situation-gabon-west-africa-big-issue-europe-eus-borrell-2023-08-30/
Military coup in Gabon;2023-08-30T00:00:00;coup d'etat;theguardian.com;https://www.theguardian.com/world/2023/aug/30/why-gabons-coup-plotters-can-count-on-popular-support
Military coup in Gabon;2023-08-30T00:00:00;coup d'etat;theguardian.com;https://www.theguardian.com/world/2023/aug/30/why-gabons-coup-plotters-can-count-on-popular-support
"""Gabon coup after elections"",";2023-08-30T00:00:00;election;theguardian.com;https://www.theguardian.com/world/2023/aug/30/ousted-ali-bongo-was-on-track-to-win-gabon-election-polling-shows
"""Coup in Gabon following the presidential election"",";2023-08-30T06:28:47Z;politics;independent.co.uk;https://www.independent.co.uk/tv/news/gabon-coup-election-ali-bongo-africa-b2401648.html
"""Coup in Gabon"",";2023-08-30T06:56:40Z;politics;reuters.com;https://www.reuters.com/article/gabon-election-eu-borrell-idAFP6N38102M
Gabon military coup;2023-08-30T09:20:33Z;coup d'etat;independent.co.uk;https://www.independent.co.uk/news/world/africa/gabon-coup-ali-bongo-africa-news-b2401709.html
"""Coup in Gabon"",";2023-08-30T09:21:27Z;coup d'etat;independent.co.uk;https://www.independent.co.uk/news/world/africa/gabon-coup-omar-ali-bongo-history-b2401733.html
"""Coup in Gabon"",";2023-08-30T09:21:27Z;climate change;independent.co.uk;https://www.independent.co.uk/news/world/africa/gabon-coup-omar-ali-bongo-history-b2401733.html
Coup in Gabon;2023-08-31T00:00:00;politics;aljazeera.com;https://www.aljazeera.com/program/inside-story/2023/8/31/what-does-gabons-coup-mean-regionally-and-internationally
Ali Bongo Ondimba's rule in Gabon;2023-08-31T00:00:00;politics;nytimes.com;https://www.nytimes.com/2023/08/31/world/africa/ali-bongo-ondimba-gabon-coup.html
Government overthrow in Gabon;2023-08-31T00:00:00;coup d'etat;reuters.com;https://www.reuters.com/breakingviews/african-coups-will-ramp-up-scramble-minerals-podcast-2023-08-31/
Expulsion of France's ambassador by Niger's ruling junta;2023-08-31T00:00:00;politics;reuters.com;https://www.reuters.com/world/africa/niger-junta-instructs-police-expel-french-ambassador-2023-08-31/?taid=64f0925d305bb800010463b7
"""Coup in Gabon"",";2023-08-31T00:00:00;military occupation;washingtontimes.com;https://www.washingtontimes.com/news/2023/aug/31/some-in-africa-are-celebrating-coups-many-are-fed-/
"""Growing number of military coups across Africa"",";2023-08-31T00:00:00;crime, law and justice;washingtontimes.com;https://www.washingtontimes.com/news/2023/aug/31/eu-examines-its-training-of-african-armies-as-anot/
"""Growing number of military coups across Africa"",";2023-08-31T00:00:00;crime, law and justice;washingtontimes.com;https://www.washingtontimes.com/news/2023/aug/31/eu-examines-its-training-of-african-armies-as-anot/
"""Growing number of military coups across Africa"",";2023-08-31T00:00:00;crime;washingtontimes.com;https://www.washingtontimes.com/news/2023/aug/31/eu-examines-its-training-of-african-armies-as-anot/
"""Growing number of military coups across Africa"",";2023-08-31T00:00:00;crime;washingtontimes.com;https://www.washingtontimes.com/news/2023/aug/31/eu-examines-its-training-of-african-armies-as-anot/
"""Coup in Gabon"",";2023-08-31T06:43:38Z;politics;independent.co.uk;https://www.independent.co.uk/news/world/africa/gabon-new-military-leader-ali-bongo-b2402357.html
Military takeover in Gabon;2023-08-31T09:07:22Z;civil unrest;reuters.com;https://www.reuters.com/article/gabon-security-eccas-idAFJ8N39H00G
"""Accusation of French Interference in Niger's Domestic Affairs"",";2023-09-01T00:00:00;regional government and authority;aljazeera.com;https://www.aljazeera.com/news/2023/9/1/nigers-military-government-slams-macron-for-backing-president-bazoum
"""Coup in Gabon"",";2023-09-01T00:00:00;politics;aljazeera.com;https://www.aljazeera.com/features/2023/9/1/has-gabons-all-powerful-bongo-dynasty-really-lost-its-55-year-grip
Accusations of Interference in Niger;2023-09-01T00:00:00;international relations;aljazeera.com;https://www.aljazeera.com/news/2023/9/1/nigers-military-government-slams-macron-for-backing-president-bazoum
Accusations of Interference in Niger;2023-09-01T00:00:00;international relations;aljazeera.com;https://www.aljazeera.com/news/2023/9/1/nigers-military-government-slams-macron-for-backing-president-bazoum
Accusation of Interference by France in Niger;2023-09-01T00:00:00;international relations;aljazeera.com;https://www.aljazeera.com/news/2023/9/1/nigers-military-government-slams-macron-for-backing-president-bazoum
Accusation of Interference by France in Niger;2023-09-01T00:00:00;international relations;aljazeera.com;https://www.aljazeera.com/news/2023/9/1/nigers-military-government-slams-macron-for-backing-president-bazoum
"""Coup in Gabon"",";2023-09-02T00:00:00;coup d'etat;aljazeera.com;https://www.aljazeera.com/news/2023/9/2/gabon-coup-leader-no-rush-to-elections-and-the-same-mistakes
"""Coup in Gabon"",";2023-09-02T00:00:00;coup d'etat;aljazeera.com;https://www.aljazeera.com/news/2023/9/2/gabon-coup-leader-no-rush-to-elections-and-the-same-mistakes
Protest outside French military base;2023-09-02T00:00:00;vandalism;aljazeera.com;https://www.aljazeera.com/news/2023/9/2/niger-coup-supporters-call-for-france-ambassador-troops-to-leave-country
Military coup in Gabon;2023-09-02T00:00:00;politics;reuters.com;https://www.reuters.com/world/africa/gabon-reopens-borders-effective-immediately-afp-2023-09-02/
Military coup in Gabon;2023-09-02T00:00:00;politics;reuters.com;https://www.reuters.com/world/africa/gabon-reopens-borders-effective-immediately-afp-2023-09-02/
Protest in Niamey demanding French troops to leave;2023-09-02T00:00:00;demonstration;reuters.com;https://www.reuters.com/world/africa/huge-protests-niger-call-french-forces-leave-after-coup-2023-09-02/
Protest in Niamey demanding French troops to leave;2023-09-02T00:00:00;demonstration;reuters.com;https://www.reuters.com/world/africa/huge-protests-niger-call-french-forces-leave-after-coup-2023-09-02/
Protest in Niamey demanding French troops to leave;2023-09-02T00:00:00;vandalism;reuters.com;https://www.reuters.com/world/africa/huge-protests-niger-call-french-forces-leave-after-coup-2023-09-02/
Protest in Niamey demanding French troops to leave;2023-09-02T00:00:00;vandalism;reuters.com;https://www.reuters.com/world/africa/huge-protests-niger-call-french-forces-leave-after-coup-2023-09-02/
"""Protest against French troops in Niger"",";2023-09-02T00:00:00;demonstration;theguardian.com;https://www.theguardian.com/world/2023/sep/02/thousands-rally-in-niger-seeking-withdrawal-of-french-troops
"""Swearing-in of General Brice Clotaire Oligui Nguema as the head of state"",";2023-09-04T00:00:00;government;aljazeera.com;https://www.aljazeera.com/news/2023/9/4/gabon-coup-leader-nguema-sworn-in-as-transitional-head-of-state
"""Coup in Gabon"",";2023-09-04T00:00:00;politics;theguardian.com;https://www.theguardian.com/world/2023/sep/04/gabon-coup-general-brice-oligui-nguema-interim-president-elections
"""Gabon military leader sworn in"",";2023-09-04T00:00:00;civil unrest;washingtontimes.com;https://www.washingtontimes.com/news/2023/sep/4/gabons-military-leader-is-sworn-in-as-head-of-stat/
"""Discussions for 'partial withdrawal' of troops"",";2023-09-05T00:00:00;international military intervention;aljazeera.com;https://www.aljazeera.com/news/2023/9/5/france-reportedly-in-talks-with-niger-for-possible-withdrawal-of-its-troops
"""Recent military coups in Niger, Mali, Burkina Faso, and Guinea"",";2023-09-05T00:00:00;international law;aljazeera.com;https://www.aljazeera.com/opinions/2023/9/5/what-we-are-witnessing-in-africa-is-not-an-anti-colonial-revolution
"""Discussions for 'partial withdrawal' of troops"",";2023-09-05T00:00:00;war;aljazeera.com;https://www.aljazeera.com/news/2023/9/5/france-reportedly-in-talks-with-niger-for-possible-withdrawal-of-its-troops
"""France starts talks with Niger army officials over troop withdrawal"",";2023-09-05T00:00:00;coup d'etat;reuters.com;https://www.reuters.com/world/france-talks-with-niger-officials-over-troops-withdrawal-le-monde-2023-09-05/
"""France starts talks with Niger army officials over troop withdrawal"",";2023-09-05T00:00:00;coup d'etat;reuters.com;https://www.reuters.com/world/france-talks-with-niger-officials-over-troops-withdrawal-le-monde-2023-09-05/
"""Scramble for Africa"",";2023-09-05T00:00:00;religious conflict;washingtontimes.com;https://www.washingtontimes.com/news/2023/sep/5/imperialism-returns-to-africa/
"""Scramble for Africa"",";2023-09-05T00:00:00;religious conflict;washingtontimes.com;https://www.washingtontimes.com/news/2023/sep/5/imperialism-returns-to-africa/
Attack targeting forces in Yatenga, Burkina Faso;2023-09-06T00:00:00;terrorism;reuters.com;https://www.reuters.com/world/africa/al-qaeda-affiliate-claims-responsibility-attack-forces-burkina-faso-site-2023-09-06/
Attack on forces in Yatenga, Burkina Faso;2023-09-06T00:00:00;armed conflict;reuters.com;https://www.reuters.com/world/africa/al-qaeda-affiliate-claims-responsibility-attack-forces-burkina-faso-site-2023-09-06/
"""Appointment of Raymond Ndong Sima as Prime Minister"",";2023-09-07T00:00:00;politics;aljazeera.com;https://www.aljazeera.com/news/2023/9/7/gabon-military-government-appoints-former-opposition-leader-as-interim-pm
"""Appointment of Raymond Ndong Sima as Prime Minister"",";2023-09-07T00:00:00;politics;aljazeera.com;https://www.aljazeera.com/news/2023/9/7/gabon-military-government-appoints-former-opposition-leader-as-interim-pm
Deposition of Ali Bongo Ondimba;2023-09-07T00:00:00;regional government and authority;nytimes.com;https://www.nytimes.com/2023/09/07/world/africa/gabon-coup-president-bongo-ondimba.html
"""Pentagon repositioning troops and equipment in Niger"",";2023-09-07T00:00:00;international military intervention;reuters.com;https://www.reuters.com/world/us-military-repositioning-some-troops-within-niger-withdrawing-non-essential-2023-09-07/
"""Splits within Boko Haram and Ansaru factions"",";2023-09-08T00:00:00;terrorism;aljazeera.com;https://www.aljazeera.com/features/2023/9/8/rivalry-among-boko-haram-factions-compounds-violence-in-northern-nigeria
"""Splits within Boko Haram and Ansaru factions"",";2023-09-08T00:00:00;religious conflict;aljazeera.com;https://www.aljazeera.com/features/2023/9/8/rivalry-among-boko-haram-factions-compounds-violence-in-northern-nigeria
"""Disruption in food supply chain across West Africa due to ECOWAS sanctions on Niger"",";2023-09-08T00:00:00;aquaculture;aljazeera.com;https://www.aljazeera.com/economy/2023/9/8/a-coup-happened-in-niger-onion-prices-doubled-in-ghana-and-its-neighbours
"""Rescheduling of maintenance operations at Somair uranium plant"",";2023-09-08T23:29:33Z;mining;reuters.com;https://www.reuters.com/article/niger-uranium-orano-idUSL1N3AK2O4
"""Appointment of Raymond Ndong Sima as Prime Minister"",";2023-09-10T00:00:00;government;reuters.com;https://www.reuters.com/world/africa/gabon-junta-eyes-24-month-transition-elections-afp-cites-interim-pm-2023-09-10/
Attacks on Bujo and other villages in central Mali;2023-09-11T00:00:00;war;theguardian.com;https://www.theguardian.com/world/2023/sep/11/we-need-food-and-shelter-farmers-flee-for-their-lives-as-terrorists-attack-villages-in-mali
Attacks on Bujo and other villages in central Mali;2023-09-11T00:00:00;conflict, war and peace;theguardian.com;https://www.theguardian.com/world/2023/sep/11/we-need-food-and-shelter-farmers-flee-for-their-lives-as-terrorists-attack-villages-in-mali
"""French official arrested in Niger"",";2023-09-12T00:00:00;international relations;reuters.com;https://www.reuters.com/world/africa/france-calls-release-consulate-official-niger-2023-09-12/
Military takeover in Gabon;2023-09-13T00:00:00;coup d'etat;nytimes.com;https://www.nytimes.com/2023/09/13/world/europe/interpreter-coups-web.html
"""Release of Stephane Jullien"",";2023-09-14T00:00:00;prosecution and prosecutors;cnn.com;https://edition.cnn.com/2023/09/14/africa/niger-release-french-official-intl/
"""Release of Stephane Jullien"",";2023-09-14T00:00:00;law;cnn.com;https://edition.cnn.com/2023/09/14/africa/niger-release-french-official-intl/
"""Release of Stephane Jullien"",";2023-09-14T00:00:00;crime;cnn.com;https://edition.cnn.com/2023/09/14/africa/niger-release-french-official-intl/
French ambassador living off 'military rations';2023-09-15T00:00:00;political crisis;aljazeera.com;https://www.aljazeera.com/news/2023/9/15/macron-says-french-ambassador-to-niger-literally-held-hostage-by-junta
Military coup in Niger;2023-09-15T00:00:00;military occupation;nytimes.com;https://www.nytimes.com/2023/09/15/world/africa/junta-niger-sanctions-food.html
Signing of Mutual Defence Pact;2023-09-16T00:00:00;armed conflict;aljazeera.com;https://www.aljazeera.com/news/2023/9/16/mali-niger-and-burkina-faso-establish-sahel-security-alliance
Appeal to ECOWAS Court to Free Mohamed Bazoum;2023-09-21T00:00:00;arrest;aljazeera.com;https://www.aljazeera.com/news/2023/9/21/nigers-ousted-bazoum-appeals-to-west-africa-bloc-court-to-free-him
Appeal to ECOWAS Court to Free Mohamed Bazoum;2023-09-21T00:00:00;arrest;aljazeera.com;https://www.aljazeera.com/news/2023/9/21/nigers-ousted-bazoum-appeals-to-west-africa-bloc-court-to-free-him
Appeal to ECOWAS Court to Free Mohamed Bazoum;2023-09-21T00:00:00;crime, law and justice;aljazeera.com;https://www.aljazeera.com/news/2023/9/21/nigers-ousted-bazoum-appeals-to-west-africa-bloc-court-to-free-him
Appeal to ECOWAS Court to Free Mohamed Bazoum;2023-09-21T00:00:00;crime, law and justice;aljazeera.com;https://www.aljazeera.com/news/2023/9/21/nigers-ousted-bazoum-appeals-to-west-africa-bloc-court-to-free-him
Meeting with African leaders;2023-09-22T00:00:00;politics;nytimes.com;https://www.nytimes.com/2023/09/22/us/politics/un-biden-africa-coups.html
Withdrawal of French Ambassador and Troops from Niger;2023-09-24T00:00:00;diplomacy;aljazeera.com;https://www.aljazeera.com/news/2023/9/24/france-to-withdraw-ambassador-troops-from-niger-after-coup-macron
Withdrawal of French Ambassador and Troops from Niger;2023-09-24T00:00:00;diplomacy;aljazeera.com;https://www.aljazeera.com/news/2023/9/24/france-to-withdraw-ambassador-troops-from-niger-after-coup-macron
France to withdraw troops from Niger;2023-09-24T00:00:00;political crisis;nytimes.com;https://www.nytimes.com/2023/09/24/world/africa/france-troops-ambassador-niger.html
France to withdraw troops from Niger;2023-09-24T00:00:00;political crisis;nytimes.com;https://www.nytimes.com/2023/09/24/world/africa/france-troops-ambassador-niger.html
France to withdraw troops from Niger;2023-09-24T00:00:00;conflict, war and peace;nytimes.com;https://www.nytimes.com/2023/09/24/world/africa/france-troops-ambassador-niger.html
France to withdraw troops from Niger;2023-09-24T00:00:00;conflict, war and peace;nytimes.com;https://www.nytimes.com/2023/09/24/world/africa/france-troops-ambassador-niger.html
France withdraws ambassador and military contingent from Niger;2023-09-24T00:00:00;coup d'etat;theguardian.com;https://www.theguardian.com/world/2023/sep/24/france-to-withdraw-ambassador-and-troops-from-niger
France withdraws ambassador and military contingent from Niger;2023-09-24T00:00:00;coup d'etat;theguardian.com;https://www.theguardian.com/world/2023/sep/24/france-to-withdraw-ambassador-and-troops-from-niger
France to pull troops out of Niger;2023-09-25T00:00:00;political crisis;reuters.com;https://www.reuters.com/world/africa/which-western-countries-have-foreign-forces-west-africa-2023-09-25/
France to pull troops out of Niger;2023-09-25T00:00:00;political crisis;reuters.com;https://www.reuters.com/world/africa/which-western-countries-have-foreign-forces-west-africa-2023-09-25/
France to pull troops out of Niger;2023-09-25T00:00:00;conflict, war and peace;reuters.com;https://www.reuters.com/world/africa/which-western-countries-have-foreign-forces-west-africa-2023-09-25/
France to pull troops out of Niger;2023-09-25T00:00:00;conflict, war and peace;reuters.com;https://www.reuters.com/world/africa/which-western-countries-have-foreign-forces-west-africa-2023-09-25/
France to end military presence in Niger;2023-09-25T09:39:19Z;war;independent.co.uk;https://www.independent.co.uk/news/world/africa/france-niger-military-coup-troops-b2417963.html
France to end military presence in Niger;2023-09-25T09:39:19Z;war;independent.co.uk;https://www.independent.co.uk/news/world/africa/france-niger-military-coup-troops-b2417963.html
France to end military presence in Niger;2023-09-25T09:39:19Z;international relations;independent.co.uk;https://www.independent.co.uk/news/world/africa/france-niger-military-coup-troops-b2417963.html
France to end military presence in Niger;2023-09-25T09:39:19Z;international relations;independent.co.uk;https://www.independent.co.uk/news/world/africa/france-niger-military-coup-troops-b2417963.html
France withdraws diplomatic staff and military from Niger;2023-09-26T00:00:00;international relations;theguardian.com;https://www.theguardian.com/world/2023/sep/26/allies-of-nigers-deposed-president-see-hope-in-french-retreat
France withdraws diplomatic staff and military from Niger;2023-09-26T00:00:00;international relations;theguardian.com;https://www.theguardian.com/world/2023/sep/26/allies-of-nigers-deposed-president-see-hope-in-french-retreat
US Pauses Foreign Assistance to Gabon;2023-09-27T00:00:00;politics;aljazeera.com;https://www.aljazeera.com/news/2023/9/27/us-halts-foreign-assistance-to-gabon-after-august-30-coup
Expulsion of French Ambassador from Niger;2023-09-27T00:00:00;international relations;aljazeera.com;https://www.aljazeera.com/news/2023/9/27/french-ambassador-to-niger-returns-to-paris
Expulsion of French Ambassador from Niger;2023-09-27T00:00:00;international relations;aljazeera.com;https://www.aljazeera.com/news/2023/9/27/french-ambassador-to-niger-returns-to-paris
Attack on soldiers in Niger;2023-09-29T00:00:00;civil unrest;aljazeera.com;https://www.aljazeera.com/news/2023/9/29/a-dozen-soldiers-killed-after-rebel-attack-in-southwest-niger
Attack on soldiers in Niger;2023-09-29T00:00:00;civil unrest;aljazeera.com;https://www.aljazeera.com/news/2023/9/29/a-dozen-soldiers-killed-after-rebel-attack-in-southwest-niger
Attack on soldiers in Niger;2023-09-29T00:00:00;war;aljazeera.com;https://www.aljazeera.com/news/2023/9/29/a-dozen-soldiers-killed-after-rebel-attack-in-southwest-niger
Attack on soldiers in Niger;2023-09-29T00:00:00;war;aljazeera.com;https://www.aljazeera.com/news/2023/9/29/a-dozen-soldiers-killed-after-rebel-attack-in-southwest-niger